request_id,amount_safe_to_pay,affordability_status,recommended_payment_method,payment_plan,earliest_date_for_full_payment,spending_changes_needed,decision_explanation
request_26,15656000,affordable_now,full_payment,2025-08-03:15656000,2025-08-03,none,"Pay IDR 15,656,000 today. This keeps the IDR 24,768,300 minimum available over the next 90 days."
request_27,6670,affordable_now,full_payment,2026-07-05:6670,2026-07-05,none,"Pay ZAR 6,670 today. This keeps the ZAR 20,500 minimum available over the next 90 days."
request_28,295.58,affordable_later,wait,2024-08-15:1302.40,2024-08-15,none,"Pay EUR 1,302.40 in full on 15 August 2024. Paying earlier would take the balance below the EUR 1,100 minimum."
request_29,9487.26,not_affordable,not_recommended,none,,none,"Do not make this payment by 23 November 2025. None of the available options keeps the ZAR 28,300 minimum protected."
request_30,775.2,affordable_with_plan,installments,2026-04-06:268.74|2026-05-06:268.74|2026-06-05:268.74,2026-04-06,none,"Use 3 installments of USD 268.74, starting 6 April 2026. This leaves at least USD 900 available."
request_31,2700039.53,affordable_later,wait,2024-11-15:18164000,2024-11-15,none,"Pay IDR 18,164,000 in full on 15 November 2024. Paying earlier would take the balance below the IDR 16,588,900 minimum."
request_32,15609.26,affordable_later,wait,2025-04-15:40018,2025-04-15,none,"Pay ZAR 40,018 in full on 15 April 2025. Paying earlier would take the balance below the ZAR 35,700 minimum."
request_33,30948.2,affordable_later,wait,2026-02-15:118000,2026-02-15,none,"Wait until 15 February 2026, then pay INR 118,000 in full. Paying sooner would put the INR 102,100 minimum at risk."
request_34,129400,affordable_now,full_payment,2024-12-04:129400,2024-12-04,none,"Pay INR 129,400 today. This keeps the INR 138,500 minimum available over the next 90 days."
request_35,22749.24,affordable_later,wait,2026-01-15:212000,2026-01-15,none,"Pay INR 212,000 in full on 15 January 2026. Paying earlier would take the balance below the INR 106,400 minimum."
request_36,588.7,affordable_later,wait,2026-09-15:3954,2026-09-15,none,"Pay USD 3,954 in full on 15 September 2026. Paying earlier would take the balance below the USD 2,400 minimum."
request_37,4533017.59,affordable_later,wait,2024-05-15:14649000,2024-05-15,none,"Pay IDR 14,649,000 in full on 15 May 2024. Paying earlier would take the balance below the IDR 17,056,200 minimum."
request_38,147.85,affordable_later,wait,2025-10-15:971.30,2025-10-15,none,Pay EUR 971.30 in full on 15 October 2025. Paying earlier would take the balance below the EUR 400 minimum.
request_39,57113.27,affordable_later,wait,2026-05-15:208600,2026-05-15,none,"Wait until 15 May 2026, then pay INR 208,600 in full. Paying sooner would put the INR 213,400 minimum at risk."
request_40,436.52,affordable_later,wait,2024-08-15:1290.30,2024-08-15,none,"Pay EUR 1,290.30 in full on 15 August 2024. Paying earlier would take the balance below the EUR 1,500 minimum."
request_41,8664163.54,affordable_later,wait,2026-01-15:38760000,2026-01-15,none,"Pay IDR 38,760,000 in full on 15 January 2026. Paying earlier would take the balance below the IDR 25,366,600 minimum."
request_42,52100,affordable_now,full_payment,2026-01-05:52100,2026-01-05,none,"Pay INR 52,100 today. This keeps the INR 113,100 minimum available over the next 90 days."
request_43,8122074.81,affordable_later,wait,2024-11-15:43339000,2024-11-15,none,"Pay IDR 43,339,000 in full on 15 November 2024. Paying earlier would take the balance below the IDR 21,398,000 minimum."
request_44,39659.94,affordable_later,wait,2025-04-15:95800,2025-04-15,none,"Pay INR 95,800 in full on 15 April 2025. Paying earlier would take the balance below the INR 82,900 minimum."
request_45,3346681.59,affordable_later,wait,2026-09-15:21983000,2026-09-15,none,"Pay IDR 21,983,000 in full on 15 September 2026. Paying earlier would take the balance below the IDR 11,149,800 minimum."
request_46,35278.28,affordable_with_plan,partial_payment,2024-12-03:35278.28|2024-12-15:14171.72,2024-12-15,none,"Pay INR 35,278.28 today and the remaining INR 14,171.72 on 15 December 2024. This completes the full request and keeps the INR 84,000 minimum protected."
request_47,14245077.74,not_affordable,not_recommended,none,,none,"Do not make this payment by 19 June 2025. None of the available options keeps the IDR 30,049,000 minimum protected."
request_48,45700,affordable_now,full_payment,2026-07-25:45700,2026-07-25,none,"Pay INR 45,700 today. This keeps the INR 71,300 minimum available over the next 90 days."
request_49,12655596.65,affordable_with_plan,installments,2024-03-18:11902106.67|2024-04-18:11902106.67|2024-05-19:11902106.67,2024-05-15,none,"Use 3 installments of IDR 11,902,106.67, starting 18 March 2024. This leaves at least IDR 20,275,700 available."
request_50,43900,affordable_now,full_payment,2025-08-06:43900,2025-08-06,none,"Pay INR 43,900 today. This keeps the INR 99,700 minimum available over the next 90 days."
request_51,2191000,affordable_now,full_payment,2026-01-03:2191000,2026-01-03,none,"Pay IDR 2,191,000 today. This keeps the IDR 7,811,000 minimum available over the next 90 days."
request_52,18380.69,affordable_later,wait,2024-06-15:28870,2024-06-15,none,"Wait until 15 June 2024, then pay INR 28,870 in full. Paying sooner would put the INR 41,500 minimum at risk."
request_53,464.05,affordable_with_plan,installments,2025-11-21:589.06|2025-12-19:589.06|2026-01-16:589.06,2026-01-15,none,"Use 3 installments of USD 589.06, starting 21 November 2025. This leaves at least USD 2,100 available."
request_54,1872.59,not_affordable,not_recommended,none,,none,"Do not make this payment by 21 August 2026. None of the available options keeps the ZAR 37,000 minimum protected."
request_55,128738.84,affordable_with_plan,installments,2026-06-11:75781.33|2026-07-12:75781.33|2026-08-12:75781.33,2026-07-15,none,"Use 3 installments of INR 75,781.33, starting 11 June 2026. This leaves at least INR 124,300 available."
request_56,524.62,affordable_with_plan,partial_payment,2025-02-03:524.62|2025-02-15:356.94,2025-02-15,none,"Pay USD 524.62 today and the remaining USD 356.94 on 15 February 2025. This completes the full request and keeps the USD 2,100 minimum protected."
request_57,9938.29,affordable_later,wait,2026-06-15:61446,2026-06-15,none,"Pay ZAR 61,446 in full on 15 June 2026. Paying earlier would take the balance below the ZAR 42,700 minimum."
request_58,16226000,affordable_now,full_payment,2024-12-07:16226000,2024-12-07,none,"Pay IDR 16,226,000 today. This leaves at least IDR 14,433,900 available over the next 90 days."
request_59,140600,affordable_with_plan,installments,2025-05-07:48741.33|2025-06-04:48741.33|2025-07-02:48741.33,2025-05-04,none,"Use 3 installments of INR 48,741.33, starting 7 May 2025. This leaves at least INR 132,600 available."
request_60,118.43,affordable_later,wait,2026-01-15:199.89,2026-01-15,none,"Wait until 15 January 2026, then pay USD 199.89 in full. Paying sooner would put the USD 400 minimum at risk."
request_61,29062,affordable_with_plan,installments,2024-03-17:10074.83|2024-04-17:10074.83|2024-05-18:10074.83,2024-03-03,none,"Use 3 installments of ZAR 10,074.83, starting 17 March 2024. This leaves at least ZAR 36,700 available."
request_62,404.23,affordable_now,full_payment,2025-08-05:404.23,2025-08-05,none,"Pay USD 404.23 today. This keeps the USD 1,300 minimum available over the next 90 days."
request_63,39431.01,not_affordable,not_recommended,none,,none,"Do not proceed with the INR 343,900 request. Although INR 39,431 is available today, the full amount cannot be completed safely within 90 days."
request_64,0,not_affordable,not_recommended,none,,none,"Do not make this payment by 16 August 2024. None of the available options keeps the INR 36,100 minimum protected."
request_65,4429.88,not_affordable,not_recommended,none,,none,"Do not proceed with the ZAR 54,340 request. Although ZAR 4,429.88 is available today, the full amount cannot be completed safely within 90 days."
request_66,22200,affordable_now,full_payment,2026-04-03:22200,2026-04-03,none,"Pay INR 22,200 today. This keeps the INR 80,700 minimum available over the next 90 days."
request_67,299.83,affordable_later,wait,2024-11-15:2094,2024-11-15,none,"Pay USD 2,094 in full on 15 November 2024. Paying earlier would take the balance below the USD 1,200 minimum."
request_68,1318.93,affordable_with_plan,installments,2025-02-14:725.09|2025-03-14:725.09|2025-04-11:725.09,2025-03-23,none,"Use 3 installments of USD 725.09, starting 14 February 2025. This leaves at least USD 1,500 available."
request_69,529.1,affordable_now,full_payment,2026-01-04:529.10,2026-01-04,none,Pay EUR 529.10 today. This keeps the EUR 700 minimum available over the next 90 days.
request_70,38928.93,affordable_later,wait,2025-02-15:243900,2025-02-15,none,"Pay INR 243,900 in full on 15 February 2025. Paying earlier would take the balance below the INR 115,000 minimum."
request_71,592401.93,not_affordable,not_recommended,none,,none,"Do not make this payment by 28 May 2025. None of the available options keeps the IDR 8,884,800 minimum protected."
request_72,11330,affordable_now,full_payment,2026-07-05:11330,2026-07-05,none,"Pay ZAR 11,330 today. This keeps the ZAR 12,200 minimum available over the next 90 days."
request_73,71400,affordable_now,full_payment,2023-01-20:71400,2023-01-20,none,"Pay INR 71,400 today. This keeps the INR 103,200 minimum available over the next 90 days."
request_74,5010,affordable_now,full_payment,2025-08-04:5010,2025-08-04,none,"Pay ZAR 5,010 today. This keeps the ZAR 21,900 minimum available over the next 90 days."
request_75,28270,affordable_with_plan,installments,2026-04-09:9800.27|2026-05-09:9800.27|2026-06-08:9800.27,2026-04-06,none,"Use 3 installments of ZAR 9,800.27, starting 9 April 2026. This leaves at least ZAR 39,000 available."
request_76,588.49,not_affordable,not_recommended,none,,none,"Do not make this payment by 30 July 2024. None of the available options keeps the USD 1,800 minimum protected."
request_77,60102.73,affordable_with_plan,full_payment,2025-11-05:60700,2025-11-15,stop:event_7143,"Stop the online backup subscription, then pay INR 60,700 today. This leaves at least INR 82,200 available."
request_78,48412.18,affordable_with_plan,full_payment,2025-10-02:50200,2025-10-15,reduce_to:event_7225:1480,"Reduce the monthly shopping spend to INR 1,480, then pay INR 50,200 today. This leaves at least INR 55,200 available."
request_79,313.22,not_affordable,not_recommended,none,2024-11-15,none,"Do not make this payment by 1 November 2024. None of the available options keeps the EUR 1,000 minimum protected."
request_80,21764.3,not_affordable,not_recommended,none,,none,"Do not make this payment by 21 February 2025. None of the available options keeps the INR 121,300 minimum protected."
request_81,2076,affordable_now,full_payment,2026-07-03:2076,2026-07-03,none,"Pay USD 2,076 today. This leaves at least USD 1,600 available over the next 90 days."
request_82,296.46,affordable_later,wait,2025-02-15:1405.20,2025-02-15,none,"Pay USD 1,405.20 in full on 15 February 2025. Paying earlier would take the balance below the USD 1,100 minimum."
request_83,4368.66,not_affordable,not_recommended,none,,none,"Do not make this payment by 17 June 2025. None of the available options keeps the INR 37,800 minimum protected."
request_84,28693.04,affordable_later,wait,2026-05-15:95400,2026-05-15,none,"Wait until 15 May 2026, then pay INR 95,400 in full. Paying sooner would put the INR 91,300 minimum at risk."
request_85,392399.89,not_affordable,not_recommended,none,,none,"Do not make this payment by 26 April 2024. None of the available options keeps the IDR 6,396,300 minimum protected."
request_86,46300,affordable_now,full_payment,2025-08-03:46300,2025-08-03,none,"Pay INR 46,300 today. This keeps the INR 84,900 minimum available over the next 90 days."
request_87,15896.7,not_affordable,not_recommended,none,,none,"Do not make this payment by 15 March 2026. None of the available options keeps the INR 185,900 minimum protected."
request_88,8491.34,not_affordable,not_recommended,none,2024-07-15,none,"Do not make this payment by 25 August 2024. None of the available options keeps the ZAR 25,800 minimum protected."
request_89,9392480.16,not_affordable,not_recommended,none,2026-01-15,none,"Do not make this payment by 15 January 2026. None of the available options keeps the IDR 12,534,700 minimum protected."
request_90,2560,affordable_now,full_payment,2026-07-06:2560,2026-07-06,none,"Pay ZAR 2,560 today. This keeps the ZAR 7,600 minimum available over the next 90 days."
request_91,315.95,affordable_later,wait,2024-11-15:1927.20,2024-11-15,none,"Pay EUR 1,927.20 in full on 15 November 2024. Paying earlier would take the balance below the EUR 2,100 minimum."
request_92,33720.88,affordable_with_plan,full_payment,2025-02-05:34034,2025-02-15,reduce_to:event_8662:910.80,"Reduce the quick-service meal to ZAR 910.80, then pay ZAR 34,034 today. This leaves at least ZAR 28,100 available."
request_93,1680.22,affordable_with_plan,full_payment,2026-04-07:1729.20,2026-04-15,stop:event_8691,"Stop the video streaming plan, then pay USD 1,729.20 today. This leaves at least USD 1,900 available."
request_94,572,affordable_now,full_payment,2024-12-04:572,2024-12-04,none,Pay EUR 572 today. This keeps the EUR 600 minimum available over the next 90 days.
request_95,4822.57,not_affordable,not_recommended,none,,none,"Do not make this payment by 14 July 2025. None of the available options keeps the INR 145,500 minimum protected."
request_96,72758.97,affordable_with_plan,installments,2026-01-10:31269.33|2026-02-09:31269.33|2026-03-11:31269.33,2026-02-15,none,"Use 3 installments of INR 31,269.33, starting 10 January 2026. This leaves at least INR 56,500 available."
request_97,0,not_affordable,not_recommended,none,,none,"Do not make this payment by 24 May 2024. None of the available options keeps the ZAR 29,700 minimum protected."
request_98,7454.67,affordable_later,wait,2025-09-15:27148,2025-09-15,none,"Wait until 15 September 2025, then pay ZAR 27,148 in full. Paying sooner would put the ZAR 30,000 minimum at risk."
request_99,17445.42,affordable_with_plan,full_payment,2026-07-04:18062,2026-07-15,reduce_to:event_9232:1065.90,"Reduce the family dinner to ZAR 1,065.90, then pay ZAR 18,062 today. This leaves at least ZAR 49,100 available."
request_100,25684.8,affordable_with_plan,installments,2024-06-13:12866.19|2024-07-14:12866.19|2024-08-14:12866.19,2024-07-15,none,"Use 3 installments of ZAR 12,866.19, starting 13 June 2024. This leaves at least ZAR 32,500 available."
request_101,143500,affordable_now,full_payment,2025-11-03:143500,2025-11-03,none,"Pay INR 143,500 today. This keeps the INR 187,400 minimum available over the next 90 days."
request_102,1716,affordable_with_plan,installments,2026-04-05:594.88|2026-05-05:594.88|2026-06-04:594.88,2026-04-05,none,"Use 3 installments of EUR 594.88, starting 5 April 2026. This leaves at least EUR 900 available."
request_103,2153.91,not_affordable,not_recommended,none,,none,"Do not make this payment by 7 October 2024. None of the available options keeps the INR 125,500 minimum protected."
request_104,8663.09,not_affordable,not_recommended,none,,none,"Do not make this payment by 15 April 2025. None of the available options keeps the ZAR 24,700 minimum protected."
request_105,51671.1,affordable_with_plan,full_payment,2026-06-08:53500,2026-06-15,reduce_to:event_9720:1632,"Reduce the household shopping to INR 1,632, then pay INR 53,500 today. This leaves at least INR 73,900 available."
request_106,444.77,affordable_later,wait,2025-02-15:2207.70,2025-02-15,none,"Pay EUR 2,207.70 in full on 15 February 2025. Paying earlier would take the balance below the EUR 1,200 minimum."
request_107,2534.4,affordable_with_plan,installments,2025-05-08:878.59|2025-06-05:878.59|2025-07-03:878.59,2025-05-05,none,"Use 3 installments of EUR 878.59, starting 8 May 2025. This leaves at least EUR 1,600 available."
request_108,1706,not_affordable,not_recommended,none,,none,"Do not make this payment by 26 July 2026. None of the available options keeps the ZAR 24,100 minimum protected."
request_109,543.03,affordable_with_plan,installments,2024-03-18:645.98|2024-04-18:645.98|2024-05-19:645.98,2024-04-15,none,"Use 3 installments of EUR 645.98, starting 18 March 2024. This leaves at least EUR 1,700 available."
request_110,22352,affordable_with_plan,installments,2025-08-06:7748.69|2025-09-03:7748.69|2025-10-01:7748.69,2025-08-06,none,"Use 3 installments of ZAR 7,748.69, starting 6 August 2025. This leaves at least ZAR 11,200 available."
request_111,16625000,affordable_now,full_payment,2026-04-03:16625000,2026-04-03,none,"Pay IDR 16,625,000 today. This keeps the IDR 23,022,800 minimum available over the next 90 days."
request_112,271.7,affordable_now,full_payment,2024-06-05:271.70,2024-06-05,none,Pay EUR 271.70 today. This keeps the EUR 500 minimum available over the next 90 days.
request_113,24184.88,affordable_later,wait,2026-09-15:36500,2026-09-15,none,"Wait until 15 September 2026, then pay INR 36,500 in full. Paying sooner would put the INR 82,300 minimum at risk."
request_114,62227.83,not_affordable,not_recommended,none,2026-01-15,none,"Do not make this payment by 14 January 2026. None of the available options keeps the INR 113,400 minimum protected."
request_115,11342.36,affordable_later,wait,2024-11-15:80500,2024-11-15,none,"Pay INR 80,500 in full on 15 November 2024. Paying earlier would take the balance below the INR 38,800 minimum."
request_116,9179.83,not_affordable,not_recommended,none,,none,"Do not make this payment by 16 April 2025. None of the available options keeps the INR 80,300 minimum protected."
request_117,857.48,affordable_with_plan,full_payment,2026-07-05:880,2026-07-15,reduce_to:event_10878:20.50,"Reduce the weekend food delivery to EUR 20.50, then pay EUR 880 today. This leaves at least EUR 1,000 available."
request_118,624.06,affordable_with_plan,installments,2024-12-07:255.87|2025-01-07:255.87|2025-02-07:255.87,2025-01-15,none,"Use 3 installments of EUR 255.87, starting 7 December 2024. This leaves at least EUR 600 available."
request_119,53788.69,not_affordable,not_recommended,none,2025-07-15,none,"Do not make this payment by 17 July 2025. None of the available options keeps the INR 151,200 minimum protected."
request_120,7110696.83,not_affordable,not_recommended,none,2026-04-15,none,"Do not make this payment by 14 April 2026. None of the available options keeps the IDR 20,050,300 minimum protected."
request_121,633.6,affordable_now,full_payment,2024-03-03:633.60,2024-03-03,none,Pay USD 633.60 today. This keeps the USD 800 minimum available over the next 90 days.
request_122,20558000,affordable_with_plan,installments,2025-08-05:7126773.33|2025-09-02:7126773.33|2025-09-30:7126773.33,2025-08-05,none,"Use 3 installments of IDR 7,126,773.33, starting 5 August 2025. This leaves at least IDR 12,588,500 available."
request_123,3869458.34,not_affordable,not_recommended,none,,none,"Do not make this payment by 28 March 2026. None of the available options keeps the IDR 18,091,200 minimum protected."
request_124,1245.81,not_affordable,not_recommended,none,2024-08-15,none,"Do not make this payment by 20 August 2024. None of the available options keeps the EUR 1,600 minimum protected."
request_125,6283.65,affordable_with_plan,full_payment,2025-11-06:6468,2025-11-15,reduce_to:event_11602:223.30,"Reduce the family dinner to ZAR 223.30, then pay ZAR 6,468 today. This leaves at least ZAR 11,300 available."
request_126,159553.79,not_affordable,not_recommended,none,,none,"Do not make this payment by 17 July 2026. None of the available options keeps the INR 129,700 minimum protected."
request_127,7191.58,affordable_later,wait,2024-10-15:23980,2024-10-15,none,"Wait until 15 October 2024, then pay ZAR 23,980 in full. Paying sooner would put the ZAR 41,000 minimum at risk."
request_128,24265.95,affordable_with_plan,full_payment,2025-02-07:25168,2025-02-15,reduce_to:event_11856:1100,"Reduce the family dinner to ZAR 1,100, then pay ZAR 25,168 today. This leaves at least ZAR 42,600 available."
request_129,47.49,not_affordable,not_recommended,none,,none,Do not make this payment by 18 June 2026. None of the available options keeps the USD 800 minimum protected.
request_130,373.3,affordable_later,wait,2025-02-15:1978.80,2025-02-15,none,"Pay USD 1,978.80 in full on 15 February 2025. Paying earlier would take the balance below the USD 1,400 minimum."
request_131,1125.04,affordable_with_plan,installments,2025-05-06:643.14|2025-06-03:643.14|2025-07-01:643.14,2025-07-23,none,"Use 3 installments of USD 643.14, starting 6 May 2025. This leaves at least USD 1,100 available."
request_132,265.54,affordable_later,wait,2026-01-15:379.86,2026-01-15,none,"Wait until 15 January 2026, then pay USD 379.86 in full. Paying sooner would put the USD 1,100 minimum at risk."
request_133,0,not_affordable,not_recommended,none,,none,"Do not make this payment by 29 March 2024. None of the available options keeps the IDR 9,986,200 minimum protected."
request_134,4461408.12,affordable_later,wait,2025-10-15:21831000,2025-10-15,none,"Pay IDR 21,831,000 in full on 15 October 2025. Paying earlier would take the balance below the IDR 15,902,500 minimum."
request_135,281.98,affordable_with_plan,full_payment,2026-07-06:304.80,2026-07-15,reduce_to:event_12458:17.50,"Reduce the lunch with colleagues to USD 17.50, then pay USD 304.80 today. This leaves at least USD 500 available."
request_136,528.49,affordable_with_plan,full_payment,2024-06-03:560.40,2024-06-15,reduce_to:event_12498:27.20,"Reduce the household shopping to USD 27.20, then pay USD 560.40 today. This leaves at least USD 1,100 available."
request_137,25682.47,affordable_later,wait,2026-01-15:80100,2026-01-15,none,"Pay INR 80,100 in full on 15 January 2026. Paying earlier would take the balance below the INR 71,800 minimum."
request_138,591.26,affordable_with_plan,partial_payment,2026-04-07:591.26|2026-04-15:665.68,2026-04-15,none,"Pay EUR 591.26 today and the remaining EUR 665.68 on 15 April 2026. This completes the full request and keeps the EUR 2,300 minimum protected."
request_139,1247.41,affordable_with_plan,installments,2024-09-07:802.88|2024-10-08:802.88|2024-11-08:802.88,2024-10-15,none,"Use 3 installments of USD 802.88, starting 7 September 2024. This leaves at least USD 1,500 available."
request_140,2615.58,not_affordable,not_recommended,none,,none,"Do not make this payment by 4 March 2025. None of the available options keeps the ZAR 21,600 minimum protected."
request_141,21532.6,not_affordable,not_recommended,none,,none,"Do not proceed with the INR 171,600 request. Although INR 21,532.60 is available today, the full amount cannot be completed safely within 90 days."
request_142,1263.6,affordable_now,full_payment,2024-12-05:1263.60,2024-12-05,none,"Pay USD 1,263.60 today. This keeps the USD 1,700 minimum available over the next 90 days."
request_143,2493.75,affordable_later,wait,2025-07-15:12584,2025-07-15,none,"Pay ZAR 12,584 in full on 15 July 2025. Paying earlier would take the balance below the ZAR 11,300 minimum."
request_144,233.34,affordable_now,full_payment,2026-07-04:233.34,2026-07-04,none,Pay USD 233.34 today. This keeps the USD 600 minimum available over the next 90 days.
request_145,25530.19,affordable_with_plan,installments,2024-03-20:75365.33|2024-04-20:75365.33|2024-05-21:75365.33,2024-05-15,none,"Use 3 installments of INR 75,365.33, starting 20 March 2024. This leaves at least INR 155,400 available."
request_146,8846.93,not_affordable,not_recommended,none,,none,"Do not make this payment by 17 October 2025. None of the available options keeps the INR 108,600 minimum protected."
request_147,382.01,not_affordable,not_recommended,none,2026-05-15,none,Do not make this payment by 7 June 2026. None of the available options keeps the EUR 900 minimum protected.
request_148,7511.39,not_affordable,not_recommended,none,2024-07-15,none,"Do not make this payment by 18 August 2024. None of the available options keeps the ZAR 20,000 minimum protected."
request_149,22401.22,affordable_with_plan,installments,2025-11-18:12706.03|2025-12-16:12706.03|2026-01-13:12706.03,2025-12-15,none,"Use 3 installments of ZAR 12,706.03, starting 18 November 2025. This leaves at least ZAR 42,100 available."
request_150,311.91,affordable_with_plan,installments,2026-01-06:171.98|2026-02-05:171.98|2026-03-07:171.98,2026-01-15,none,"Use 3 installments of EUR 171.98, starting 6 January 2026. This leaves at least EUR 700 available."
request_151,26999000,affordable_now,full_payment,2024-09-03:26999000,2024-09-03,none,"Pay IDR 26,999,000 today. This keeps the IDR 31,633,600 minimum available over the next 90 days."
request_152,11082.68,affordable_with_plan,installments,2025-02-12:4812.43|2025-03-12:4812.43|2025-04-09:4812.43,2025-03-15,none,"Use 3 installments of ZAR 4,812.43, starting 12 February 2025. This leaves at least ZAR 11,900 available."
request_153,89.95,not_affordable,not_recommended,none,,none,"Do not make this payment by 24 September 2026. None of the available options keeps the USD 1,400 minimum protected."
request_154,1625.8,affordable_with_plan,installments,2024-12-04:563.61|2025-01-04:563.61|2025-02-04:563.61,2024-12-04,none,"Use 3 installments of EUR 563.61, starting 4 December 2024. This leaves at least EUR 1,300 available."
request_155,112500,affordable_now,full_payment,2025-05-06:112500,2025-05-06,none,"Pay INR 112,500 today. This leaves at least INR 56,300 available over the next 90 days."
request_156,7235.43,affordable_later,wait,2026-06-15:43076,2026-06-15,none,"Pay ZAR 43,076 in full on 15 June 2026. Paying earlier would take the balance below the ZAR 26,900 minimum."
request_157,4775248.01,affordable_later,wait,2024-05-15:23503000,2024-05-15,none,"Pay IDR 23,503,000 in full on 15 May 2024. Paying earlier would take the balance below the IDR 15,714,100 minimum."
request_158,242600,affordable_with_plan,installments,2025-08-07:84101.33|2025-09-04:84101.33|2025-10-02:84101.33,2025-08-07,none,"Use 3 installments of INR 84,101.33, starting 7 August 2025. This leaves at least INR 131,400 available."
request_159,4442.85,not_affordable,not_recommended,none,,none,"Do not make this payment by 20 March 2026. None of the available options keeps the ZAR 8,700 minimum protected."
request_160,545.69,affordable_with_plan,installments,2024-06-13:432.05|2024-07-14:432.05|2024-08-14:432.05,2024-07-15,none,"Use 3 installments of EUR 432.05, starting 13 June 2024. This leaves at least EUR 1,200 available."
request_161,9197663.15,affordable_later,wait,2026-01-15:21204000,2026-01-15,none,"Pay IDR 21,204,000 in full on 15 January 2026. Paying earlier would take the balance below the IDR 23,010,400 minimum."
request_162,1193058.01,not_affordable,not_recommended,none,,none,"Do not make this payment by 26 August 2026. None of the available options keeps the IDR 24,161,100 minimum protected."
request_163,8554539.07,affordable_with_plan,installments,2024-09-10:6692053.33|2024-10-11:6692053.33|2024-11-11:6692053.33,2024-10-15,none,"Use 3 installments of IDR 6,692,053.33, starting 10 September 2024. This leaves at least IDR 26,728,700 available."
request_164,27018000,affordable_with_plan,installments,2025-02-11:9366240|2025-03-11:9366240|2025-04-08:9366240,2025-02-04,none,"Use 3 installments of IDR 9,366,240, starting 11 February 2025. This leaves at least IDR 29,550,500 available."
request_165,80600,affordable_now,full_payment,2026-04-06:80600,2026-04-06,none,"Pay INR 80,600 today. This keeps the INR 95,000 minimum available over the next 90 days."
request_166,2907.6,affordable_with_plan,installments,2024-12-03:1007.97|2025-01-03:1007.97|2025-02-03:1007.97,2024-12-03,none,"Use 3 installments of USD 1,007.97, starting 3 December 2024. This leaves at least USD 1,700 available."
request_167,43802,affordable_now,full_payment,2025-05-05:43802,2025-05-05,none,"Pay ZAR 43,802 today. This leaves at least ZAR 31,200 available over the next 90 days."
request_168,30498.54,affordable_with_plan,partial_payment,2026-01-07:30498.54|2026-01-15:18881.46,2026-01-15,none,"Pay INR 30,498.54 today and the remaining INR 18,881.46 on 15 January 2026. This completes the full request and keeps the INR 114,400 minimum protected."
request_169,41976,affordable_now,full_payment,2024-03-04:41976,2024-03-04,none,"Pay ZAR 41,976 today. This leaves at least ZAR 18,700 available over the next 90 days."
request_170,29866830.92,affordable_with_plan,installments,2025-08-06:12804480|2025-09-03:12804480|2025-10-01:12804480,2025-09-15,none,"Use 3 installments of IDR 12,804,480, starting 6 August 2025. This leaves at least IDR 24,715,800 available."
request_171,33.59,not_affordable,not_recommended,none,,none,Do not make this payment by 10 September 2026. None of the available options keeps the EUR 500 minimum protected.
request_172,9487.79,affordable_with_plan,partial_payment,2024-06-05:9487.79|2024-06-15:712.21,2024-06-15,none,"Pay ZAR 9,487.79 today and the remaining ZAR 712.21 on 15 June 2024. This completes the full request and keeps the ZAR 27,200 minimum protected."
request_173,59340.55,affordable_with_plan,installments,2025-11-21:39173.33|2025-12-19:39173.33|2026-01-16:39173.33,2025-12-15,none,"Use 3 installments of INR 39,173.33, starting 21 November 2025. This leaves at least INR 79,100 available."
request_174,1146.2,affordable_with_plan,installments,2026-04-04:397.35|2026-05-04:397.35|2026-06-03:397.35,2026-04-04,none,"Use 3 installments of EUR 397.35, starting 4 April 2026. This leaves at least EUR 700 available."
request_175,2346.3,affordable_now,full_payment,2024-09-06:2346.30,2024-09-06,none,"Pay EUR 2,346.30 today. This leaves at least EUR 1,700 available over the next 90 days."
request_176,18.5,not_affordable,not_recommended,none,,none,Do not make this payment by 27 February 2025. None of the available options keeps the EUR 600 minimum protected.
request_177,1017.6,affordable_now,full_payment,2026-01-05:1017.60,2026-01-05,none,"Pay USD 1,017.60 today. This keeps the USD 1,300 minimum available over the next 90 days."
request_178,2938.1,affordable_with_plan,installments,2024-12-07:1018.54|2025-01-07:1018.54|2025-02-07:1018.54,2024-12-07,none,"Use 3 installments of EUR 1,018.54, starting 7 December 2024. This leaves at least EUR 1,400 available."
request_179,6584779.78,affordable_later,wait,2025-07-15:41648000,2025-07-15,none,"Pay IDR 41,648,000 in full on 15 July 2025. Paying earlier would take the balance below the IDR 41,430,800 minimum."
request_180,66500,affordable_now,full_payment,2026-07-06:66500,2026-07-06,none,"Pay INR 66,500 today. This leaves at least INR 37,300 available over the next 90 days."
request_181,283.68,not_affordable,not_recommended,none,,none,"Do not make this payment by 7 April 2024. None of the available options keeps the USD 2,000 minimum protected."
request_182,65714,affordable_now,full_payment,2025-08-05:65714,2025-08-05,none,"Pay ZAR 65,714 today. This leaves at least ZAR 31,100 available over the next 90 days."
request_183,22985814.53,affordable_with_plan,installments,2026-04-10:9313546.67|2026-05-10:9313546.67|2026-06-09:9313546.67,2026-04-15,none,"Use 3 installments of IDR 9,313,546.67, starting 10 April 2026. This leaves at least IDR 11,878,300 available."
request_184,8479.79,not_affordable,not_recommended,none,,none,"Do not make this payment by 30 July 2024. None of the available options keeps the INR 110,800 minimum protected."
request_185,309.84,affordable_later,wait,2026-01-15:1257.30,2026-01-15,none,"Pay EUR 1,257.30 in full on 15 January 2026. Paying earlier would take the balance below the EUR 1,300 minimum."
request_186,6033.54,affordable_later,wait,2026-02-15:26554,2026-02-15,none,"Wait until 15 February 2026, then pay ZAR 26,554 in full. Paying sooner would put the ZAR 22,000 minimum at risk."
request_187,34912.9,affordable_later,wait,2024-11-15:187500,2024-11-15,none,"Pay INR 187,500 in full on 15 November 2024. Paying earlier would take the balance below the INR 128,300 minimum."
request_188,102.93,not_affordable,not_recommended,none,,none,Do not make this payment by 4 March 2025. None of the available options keeps the EUR 900 minimum protected.
request_189,488.4,affordable_now,full_payment,2026-07-04:488.40,2026-07-04,none,Pay EUR 488.40 today. This leaves at least EUR 400 available over the next 90 days.
request_190,478.56,affordable_later,wait,2025-02-15:2557.50,2025-02-15,none,"Pay EUR 2,557.50 in full on 15 February 2025. Paying earlier would take the balance below the EUR 1,600 minimum."
request_191,664.4,affordable_now,full_payment,2025-05-03:664.40,2025-05-03,none,Pay EUR 664.40 today. This leaves at least EUR 500 available over the next 90 days.
request_192,86.72,not_affordable,not_recommended,none,,none,"Do not make this payment by 11 May 2026. None of the available options keeps the USD 1,000 minimum protected."
request_193,33.62,affordable_with_plan,installments,2024-03-21:420.23|2024-04-21:420.23|2024-05-22:420.23,2024-04-15,none,"Use 3 installments of EUR 420.23, starting 21 March 2024. This leaves at least EUR 1,000 available."
request_194,35033.62,affordable_later,wait,2025-10-23:132800,2025-10-23,none,"Pay INR 132,800 in full on 23 October 2025. Paying earlier would take the balance below the INR 113,600 minimum."
request_195,965.58,affordable_with_plan,installments,2026-01-09:405.74|2026-02-08:405.74|2026-03-10:405.74,2026-01-15,none,"Use 3 installments of EUR 405.74, starting 9 January 2026. This leaves at least EUR 700 available."
request_196,762.3,affordable_now,full_payment,2024-06-03:762.30,2024-06-03,none,Pay EUR 762.30 today. This leaves at least EUR 500 available over the next 90 days.
request_197,50939000,affordable_with_plan,installments,2025-11-19:17658853.33|2025-12-17:17658853.33|2026-01-14:17658853.33,2025-11-05,none,"Use 3 installments of IDR 17,658,853.33, starting 19 November 2025. This leaves at least IDR 26,245,900 available."
request_198,185800,affordable_now,full_payment,2026-07-07:185800,2026-07-07,none,"Pay INR 185,800 today. This leaves at least INR 124,300 available over the next 90 days."
request_199,23674000,affordable_with_plan,installments,2024-09-07:8206986.67|2024-10-08:8206986.67|2024-11-08:8206986.67,2024-09-04,none,"Use 3 installments of IDR 8,206,986.67, starting 7 September 2024. This leaves at least IDR 25,359,500 available."
request_200,21717000,affordable_now,full_payment,2025-02-06:21717000,2025-02-06,none,"Pay IDR 21,717,000 today. This leaves at least IDR 20,114,600 available over the next 90 days."
request_201,23997000,affordable_now,full_payment,2026-04-03:23997000,2026-04-03,none,"Pay IDR 23,997,000 today. This leaves at least IDR 17,304,500 available over the next 90 days."
request_202,123900,affordable_now,full_payment,2024-12-05:123900,2024-12-05,none,"Pay INR 123,900 today. This keeps the INR 147,800 minimum available over the next 90 days."
request_203,1442.1,affordable_with_plan,installments,2025-05-10:499.93|2025-06-07:499.93|2025-07-05:499.93,2025-05-07,none,"Use 3 installments of EUR 499.93, starting 10 May 2025. This leaves at least EUR 1,400 available."
request_204,588.74,affordable_now,full_payment,2026-01-04:588.74,2026-01-04,none,"Pay EUR 588.74 today. This keeps the EUR 1,300 minimum available over the next 90 days."
request_205,10621000,affordable_now,full_payment,2024-03-06:10621000,2024-03-06,none,"Pay IDR 10,621,000 today. This keeps the IDR 13,994,300 minimum available over the next 90 days."
request_206,1404.7,affordable_with_plan,installments,2025-08-03:486.96|2025-08-31:486.96|2025-09-28:486.96,2025-08-03,none,"Use 3 installments of EUR 486.96, starting 3 August 2025. This leaves at least EUR 900 available."
request_207,4439.29,affordable_later,wait,2026-07-15:11830,2026-07-15,none,"Wait until 15 July 2026, then pay ZAR 11,830 in full. Paying sooner would put the ZAR 13,600 minimum at risk."
request_208,3040802.27,affordable_later,wait,2024-06-15:4413000,2024-06-15,none,"Wait until 15 June 2024, then pay IDR 4,413,000 in full. Paying sooner would put the IDR 10,470,700 minimum at risk."
request_209,981.48,not_affordable,not_recommended,none,,none,"Do not make this payment by 25 November 2025. None of the available options keeps the ZAR 18,400 minimum protected."
request_210,631.69,affordable_with_plan,partial_payment,2026-04-06:631.69|2026-04-15:728.33,2026-04-15,none,"Pay USD 631.69 today and the remaining USD 728.33 on 15 April 2026. This completes the full request and keeps the USD 2,000 minimum protected."
request_211,252.01,affordable_later,wait,2024-11-15:1788.60,2024-11-15,none,"Pay EUR 1,788.60 in full on 15 November 2024. Paying earlier would take the balance below the EUR 1,500 minimum."
request_212,4120116.67,not_affordable,not_recommended,none,,none,"Do not make this payment by 28 February 2025. None of the available options keeps the IDR 29,579,800 minimum protected."
request_213,3362.4,affordable_with_plan,installments,2026-01-21:1165.63|2026-02-20:1165.63|2026-03-22:1165.63,2026-01-07,none,"Use 3 installments of USD 1,165.63, starting 21 January 2026. This leaves at least USD 2,100 available."
request_214,54680.16,affordable_with_plan,partial_payment,2024-12-04:54680.16|2024-12-15:15069.84,2024-12-15,none,"Pay INR 54,680.16 today and the remaining INR 15,069.84 on 15 December 2024. This completes the full request and keeps the INR 174,900 minimum protected."
request_215,29986,affordable_with_plan,installments,2025-05-09:10395.15|2025-06-06:10395.15|2025-07-04:10395.15,2025-05-06,none,"Use 3 installments of ZAR 10,395.15, starting 9 May 2025. This leaves at least ZAR 15,700 available."
request_216,482.19,affordable_later,wait,2026-09-15:3332.40,2026-09-15,none,"Pay USD 3,332.40 in full on 15 September 2026. Paying earlier would take the balance below the USD 1,800 minimum."
request_217,19583.39,affordable_with_plan,installments,2024-03-19:12889.07|2024-04-19:12889.07|2024-05-20:12889.07,2024-05-15,none,"Use 3 installments of ZAR 12,889.07, starting 19 March 2024. This leaves at least ZAR 26,800 available."
request_218,22795043.76,affordable_with_plan,installments,2025-08-07:21195893.33|2025-09-04:21195893.33|2025-10-02:21195893.33,2025-09-15,none,"Use 3 installments of IDR 21,195,893.33, starting 7 August 2025. This leaves at least IDR 34,477,200 available."
request_219,610.1,affordable_with_plan,installments,2026-04-07:580.01|2026-05-07:580.01|2026-06-06:580.01,2026-05-15,none,"Use 3 installments of EUR 580, starting 7 April 2026. This leaves at least EUR 1,100 available."
request_220,72.33,not_affordable,not_recommended,none,,none,"Do not make this payment by 3 July 2024. None of the available options keeps the EUR 1,100 minimum protected."
request_221,109800,affordable_now,full_payment,2025-11-03:109800,2025-11-03,none,"Pay INR 109,800 today. This leaves at least INR 81,500 available over the next 90 days."
request_222,34078,affordable_now,full_payment,2026-01-05:34078,2026-01-05,none,"Pay ZAR 34,078 today. This leaves at least ZAR 27,300 available over the next 90 days."
request_223,898.7,affordable_now,full_payment,2024-09-07:898.70,2024-09-07,none,Pay EUR 898.70 today. This leaves at least EUR 800 available over the next 90 days.
request_224,10046073.34,affordable_with_plan,partial_payment,2025-02-04:10046073.34|2025-02-15:280926.66,2025-02-15,none,"Pay IDR 10,046,073.34 today and the remaining IDR 280,926.66 on 15 February 2025. This completes the full request and keeps the IDR 22,187,600 minimum protected."
request_225,9590423.2,affordable_with_plan,installments,2026-07-20:7647120|2026-08-19:7647120|2026-09-18:7647120,2026-09-15,none,"Use 3 installments of IDR 7,647,120, starting 20 July 2026. This leaves at least IDR 17,670,700 available."
request_226,157000,affordable_now,full_payment,2024-12-03:157000,2024-12-03,none,"Pay INR 157,000 today. This keeps the INR 209,400 minimum available over the next 90 days."
request_227,5323.2,not_affordable,not_recommended,none,,none,"Do not make this payment by 20 June 2025. None of the available options keeps the INR 62,900 minimum protected."
request_228,2472453.11,not_affordable,not_recommended,none,,none,"Do not make this payment by 30 April 2026. None of the available options keeps the IDR 26,191,200 minimum protected."
request_229,434.66,affordable_with_plan,installments,2024-03-18:529.29|2024-04-18:529.29|2024-05-19:529.29,2024-05-15,none,"Use 3 installments of EUR 529.29, starting 18 March 2024. This leaves at least EUR 1,000 available."
request_230,3537.6,affordable_now,full_payment,2025-08-06:3537.60,2025-08-06,none,"Pay EUR 3,537.60 today. This leaves at least EUR 2,000 available over the next 90 days."
request_231,32471.89,affordable_with_plan,installments,2026-01-06:12378.08|2026-02-05:12378.08|2026-03-07:12378.08,2026-01-15,none,"Use 3 installments of ZAR 12,378.08, starting 6 January 2026. This leaves at least ZAR 24,300 available."
request_232,748.28,affordable_later,wait,2024-08-15:1970.10,2024-08-15,none,"Pay EUR 1,970.10 in full on 15 August 2024. Paying earlier would take the balance below the EUR 2,400 minimum."
request_233,4211619.9,affordable_with_plan,partial_payment,2025-11-07:4211619.90|2025-11-15:2029380.10,2025-11-15,none,"Pay IDR 4,211,619.90 today and the remaining IDR 2,029,380.10 on 15 November 2025. This completes the full request and keeps the IDR 10,365,700 minimum protected."
request_234,183.18,affordable_later,wait,2026-09-15:1213.30,2026-09-15,none,"Pay EUR 1,213.30 in full on 15 September 2026. Paying earlier would take the balance below the EUR 700 minimum."
request_235,967.2,affordable_now,full_payment,2024-09-06:967.20,2024-09-06,none,Pay USD 967.20 today. This leaves at least USD 700 available over the next 90 days.
request_236,4998448.27,not_affordable,not_recommended,none,,none,"Do not proceed with the IDR 52,383,000 request. Although IDR 4,998,448.27 is available today, the full amount cannot be completed safely within 90 days."
request_237,23826000,affordable_now,full_payment,2026-04-05:23826000,2026-04-05,none,"Pay IDR 23,826,000 today. This leaves at least IDR 22,431,500 available over the next 90 days."
request_238,663.6,affordable_with_plan,installments,2024-12-07:230.05|2025-01-07:230.05|2025-02-07:230.05,2024-12-07,none,"Use 3 installments of USD 230.05, starting 7 December 2024. This leaves at least USD 700 available."
request_239,642,affordable_now,full_payment,2025-05-04:642,2025-05-04,none,Pay USD 642 today. This leaves at least USD 600 available over the next 90 days.
request_240,16598.74,not_affordable,not_recommended,none,,none,"Do not proceed with the INR 101,200 request. Although INR 16,598.74 is available today, the full amount cannot be completed safely within 90 days."
request_241,21052000,affordable_with_plan,installments,2024-03-17:7298026.67|2024-04-17:7298026.67|2024-05-18:7298026.67,2024-03-03,none,"Use 3 installments of IDR 7,298,026.67, starting 17 March 2024. This leaves at least IDR 19,252,000 available."
request_242,64.98,not_affordable,not_recommended,none,,none,Do not make this payment by 25 August 2025. None of the available options keeps the EUR 600 minimum protected.
request_243,17468,affordable_now,full_payment,2026-07-07:17468,2026-07-07,none,"Pay ZAR 17,468 today. This keeps the ZAR 19,900 minimum available over the next 90 days."
request_244,49918,affordable_now,full_payment,2024-06-04:49918,2024-06-04,none,"Pay ZAR 49,918 today. This leaves at least ZAR 45,900 available over the next 90 days."
request_245,27619.24,affordable_later,wait,2025-12-15:128500,2025-12-15,none,"Wait until 15 December 2025, then pay INR 128,500 in full. Paying sooner would put the INR 94,600 minimum at risk."
request_246,64086,affordable_with_plan,installments,2026-04-03:22216.48|2026-05-03:22216.48|2026-06-02:22216.48,2026-04-03,none,"Use 3 installments of ZAR 22,216.48, starting 3 April 2026. This leaves at least ZAR 39,300 available."
request_247,1059.3,affordable_now,full_payment,2024-09-05:1059.30,2024-09-05,none,"Pay EUR 1,059.30 today. This keeps the EUR 1,300 minimum available over the next 90 days."
request_248,380.55,not_affordable,not_recommended,none,,none,"Do not proceed with the USD 1,965.60 request. Although USD 380.55 is available today, the full amount cannot be completed safely within 90 days."
request_249,142.23,affordable_later,wait,2026-03-15:643.20,2026-03-15,none,Pay USD 643.20 in full on 15 March 2026. Paying earlier would take the balance below the USD 600 minimum.
request_250,14301.57,not_affordable,not_recommended,none,,none,"Do not proceed with the ZAR 124,278 request. Although ZAR 14,301.57 is available today, the full amount cannot be completed safely within 90 days."
request_251,477.51,not_affordable,not_recommended,none,,none,"Do not make this payment by 6 June 2025. None of the available options keeps the EUR 1,300 minimum protected."
request_252,3988819.5,affordable_later,wait,2026-09-15:28082000,2026-09-15,none,"Pay IDR 28,082,000 in full on 15 September 2026. Paying earlier would take the balance below the IDR 15,152,200 minimum."
request_253,1369.46,affordable_with_plan,installments,2024-03-21:984.60|2024-04-21:984.60|2024-05-22:984.60,2024-05-15,none,"Use 3 installments of EUR 984.60, starting 21 March 2024. This leaves at least EUR 2,300 available."
request_254,459.91,affordable_later,wait,2025-10-15:3535.20,2025-10-15,none,"Pay USD 3,535.20 in full on 15 October 2025. Paying earlier would take the balance below the USD 2,500 minimum."
request_255,3345000,affordable_now,full_payment,2026-04-06:3345000,2026-04-06,none,"Pay IDR 3,345,000 today. This keeps the IDR 9,813,900 minimum available over the next 90 days."
request_256,172038.82,affordable_with_plan,installments,2024-06-10:75816|2024-07-11:75816|2024-08-11:75816,2024-07-15,none,"Use 3 installments of INR 75,816, starting 10 June 2024. This leaves at least INR 168,600 available."
request_257,406.7,affordable_later,wait,2025-12-15:1352.40,2025-12-15,none,"Wait until 15 December 2025, then pay USD 1,352.40 in full. Paying sooner would put the USD 1,600 minimum at risk."
request_258,1113.6,affordable_now,full_payment,2026-01-07:1113.60,2026-01-07,none,"Pay USD 1,113.60 today. This leaves at least USD 500 available over the next 90 days."
request_259,154.7,affordable_later,wait,2024-11-15:935,2024-11-15,none,Pay EUR 935 in full on 15 November 2024. Paying earlier would take the balance below the EUR 600 minimum.
request_260,6422283.13,not_affordable,not_recommended,none,,none,"Do not proceed with the IDR 52,079,000 request. Although IDR 6,422,283.13 is available today, the full amount cannot be completed safely within 90 days."
request_261,1830.4,affordable_now,full_payment,2026-07-03:1830.40,2026-07-03,none,"Pay EUR 1,830.40 today. This leaves at least EUR 1,500 available over the next 90 days."
request_262,9236000,affordable_now,full_payment,2024-12-05:9236000,2024-12-05,none,"Pay IDR 9,236,000 today. This keeps the IDR 31,018,500 minimum available over the next 90 days."
request_263,5729,not_affordable,not_recommended,none,,none,"Do not proceed with the ZAR 51,546 request. Although ZAR 5,729 is available today, the full amount cannot be completed safely within 90 days."
request_264,16819.45,affordable_later,wait,2026-06-15:111300,2026-06-15,none,"Pay INR 111,300 in full on 15 June 2026. Paying earlier would take the balance below the INR 59,500 minimum."
request_265,45970,affordable_now,full_payment,2024-03-06:45970,2024-03-06,none,"Pay INR 45,970 today. This keeps the INR 189,700 minimum available over the next 90 days."
request_266,761.7,affordable_with_plan,installments,2025-08-03:324.13|2025-08-31:324.13|2025-09-28:324.13,2025-09-15,none,"Use 3 installments of EUR 324.13, starting 3 August 2025. This leaves at least EUR 900 available."
request_267,1642.69,affordable_with_plan,installments,2026-01-08:667.33|2026-02-07:667.33|2026-03-09:667.33,2026-01-15,none,"Use 3 installments of EUR 667.33, starting 8 January 2026. This leaves at least EUR 1,500 available."
request_268,915.4,affordable_with_plan,installments,2024-06-14:841.22|2024-07-15:841.22|2024-08-15:841.22,2024-07-15,none,"Use 3 installments of EUR 841.22, starting 14 June 2024. This leaves at least EUR 1,400 available."
request_269,10554.76,affordable_later,wait,2025-11-15:15490,2025-11-15,none,"Wait until 15 November 2025, then pay ZAR 15,490 in full. Paying sooner would put the ZAR 23,100 minimum at risk."
request_270,106.24,not_affordable,not_recommended,none,,none,"Do not make this payment by 30 August 2026. None of the available options keeps the USD 1,400 minimum protected."
request_271,13506.67,affordable_later,wait,2024-11-15:91300,2024-11-15,none,"Pay INR 91,300 in full on 15 November 2024. Paying earlier would take the balance below the INR 58,200 minimum."
request_272,5076531.81,affordable_with_plan,installments,2025-02-12:4709466.67|2025-03-12:4709466.67|2025-04-09:4709466.67,2025-03-15,none,"Use 3 installments of IDR 4,709,466.67, starting 12 February 2025. This leaves at least IDR 7,508,600 available."
request_273,7455180.96,affordable_with_plan,partial_payment,2026-04-07:7455180.96|2026-04-15:8405819.04,2026-04-15,none,"Pay IDR 7,455,180.96 today and the remaining IDR 8,405,819.04 on 15 April 2026. This completes the full request and keeps the IDR 18,774,600 minimum protected."
request_274,2257.07,affordable_with_plan,installments,2024-12-04:940.75|2025-01-04:940.75|2025-02-04:940.75,2024-12-15,none,"Use 3 installments of EUR 940.75, starting 4 December 2024. This leaves at least EUR 1,800 available."
request_275,15884000,affordable_now,full_payment,2025-05-06:15884000,2025-05-06,none,"Pay IDR 15,884,000 today. This leaves at least IDR 12,760,100 available over the next 90 days."
